Resonate	805	Zahnentferner
Resonate	803	bhavik-mangla
Resonate	799	Zahnentferner
Resonate	796	bhavik-mangla
Resonate	794	Zahnentferner
Resonate	792	bhavik-mangla
Resonate	789	Zahnentferner
Resonate	788	bhavik-mangla
Resonate	782	Zahnentferner
Resonate	780	bhavik-mangla
Resonate	778	Zahnentferner
Resonate	775	bhavik-mangla
Resonate	766	Zahnentferner
Resonate	762	bhavik-mangla
Resonate	759	Zahnentferner
Resonate	758	bhavik-mangla
Resonate	756	Zahnentferner
Resonate	751	bhavik-mangla
Resonate	750	Zahnentferner
Resonate	749	bhavik-mangla
Resonate	748	Zahnentferner
Resonate	747	bhavik-mangla
Resonate	746	Zahnentferner
Resonate	745	bhavik-mangla
Resonate	744	Zahnentferner
Resonate	738	bhavik-mangla
Resonate	722	Zahnentferner
Resonate	708	bhavik-mangla
Resonate	688	Zahnentferner
Resonate	687	bhavik-mangla
Resonate	682	Zahnentferner
Resonate	675	bhavik-mangla
Resonate	488	Zahnentferner
EduAid	668	bhavik-mangla
EduAid	656	Zahnentferner
EduAid	647	bhavik-mangla
EduAid	641	Zahnentferner
EduAid	639	bhavik-mangla
EduAid	636	Zahnentferner
EduAid	630	bhavik-mangla
EduAid	627	Zahnentferner
EduAid	625	bhavik-mangla
EduAid	621	Zahnentferner
EduAid	620	bhavik-mangla
EduAid	616	Zahnentferner
EduAid	610	bhavik-mangla
EduAid	608	Zahnentferner
EduAid	606	bhavik-mangla
EduAid	603	Zahnentferner
EduAid	601	bhavik-mangla
EduAid	599	Zahnentferner
EduAid	597	bhavik-mangla
EduAid	592	Zahnentferner
EduAid	589	bhavik-mangla
EduAid	586	Zahnentferner
EduAid	584	bhavik-mangla
EduAid	580	Zahnentferner
EduAid	577	bhavik-mangla
EduAid	575	Zahnentferner
EduAid	572	bhavik-mangla
EduAid	571	Zahnentferner
EduAid	568	bhavik-mangla
EduAid	566	Zahnentferner
EduAid	564	bhavik-mangla
EduAid	561	Zahnentferner
EduAid	560	bhavik-mangla
EduAid	558	Zahnentferner
EduAid	554	bhavik-mangla
EduAid	547	Zahnentferner
EduAid	541	bhavik-mangla
EduAid	539	Zahnentferner
EduAid	535	bhavik-mangla
EduAid	533	Zahnentferner
EduAid	530	bhavik-mangla
EduAid	528	Zahnentferner
EduAid	525	bhavik-mangla
EduAid	520	Zahnentferner
EduAid	519	bhavik-mangla
EduAid	515	Zahnentferner
EduAid	511	bhavik-mangla
EduAid	509	Zahnentferner
EduAid	508	bhavik-mangla
EduAid	507	Zahnentferner
EduAid	504	bhavik-mangla
EduAid	502	Zahnentferner
EduAid	501	bhavik-mangla
EduAid	495	Zahnentferner
EduAid	491	bhavik-mangla
EduAid	485	Zahnentferner
EduAid	484	bhavik-mangla
EduAid	483	Zahnentferner
EduAid	481	bhavik-mangla
EduAid	477	Zahnentferner
EduAid	475	bhavik-mangla
EduAid	471	Zahnentferner
EduAid	469	bhavik-mangla
EduAid	467	Zahnentferner
EduAid	463	bhavik-mangla
EduAid	459	Zahnentferner
EduAid	454	bhavik-mangla
EduAid	451	Zahnentferner
EduAid	443	bhavik-mangla
EduAid	442	Zahnentferner
EduAid	438	bhavik-mangla
EduAid	434	Zahnentferner
EduAid	429	bhavik-mangla
EduAid	428	Zahnentferner
EduAid	426	bhavik-mangla
EduAid	424	Zahnentferner
EduAid	420	bhavik-mangla
EduAid	416	Zahnentferner
EduAid	414	bhavik-mangla
EduAid	413	Zahnentferner
EduAid	407	bhavik-mangla
EduAid	401	Zahnentferner
EduAid	396	bhavik-mangla
EduAid	394	Zahnentferner
EduAid	392	bhavik-mangla
EduAid	378	Zahnentferner
EduAid	376	bhavik-mangla
EduAid	370	Zahnentferner
EduAid	367	bhavik-mangla
EduAid	363	Zahnentferner
EduAid	361	bhavik-mangla
EduAid	359	Zahnentferner
EduAid	353	bhavik-mangla
EduAid	350	Zahnentferner
EduAid	345	bhavik-mangla
EduAid	338	Zahnentferner
EduAid	329	bhavik-mangla
EduAid	322	Zahnentferner
EduAid	316	bhavik-mangla
EduAid	308	Zahnentferner
EduAid	306	bhavik-mangla
EduAid	303	Zahnentferner
EduAid	295	bhavik-mangla
EduAid	290	Zahnentferner
EduAid	284	bhavik-mangla
EduAid	276	Zahnentferner
EduAid	275	bhavik-mangla
EduAid	263	Zahnentferner
EduAid	261	bhavik-mangla
